750,469,5754,774,119,74839,88064,92832,12035,53477718,5950,126041,440033,6322,127370,6106,6287,150929,11984188,185,65359,25203382,53477713,439155,99463,10176752,88412,151008,1712391,6453952,1088,169485,193872,92105,161712,121947,5962,164795,196,160556,743,193530,6137,152314,10931,93078,94340,151023,306144,7015683,11736661,19816752,92865,9903897,61158071,65137,1059,97963,5280499,3744,10256,161166,10258,74706,92904,5375048,25245902,119405,1066,6368126,16900,757,25244460,10328,31242,10133,10253562,689043,12313328,305,171548,7092,8109,654,5192,10457,12736,643757,2266,8096,15816,19707,60983,104896,72791584,440417,5460852,49844972,131769835,439162,71920,61166,464,5283344,10221437,10130163,56662027,71353010,19,440279,11266,5280523,92135,46173940,445858,61989,8051,10917,168381,213144,11953816,53481699,84290,7045767,52922056,53477817,53477834,53481681,71464509,91825636,10458,13185,15569776,16663321,22328017,134459,439717,454064,3017884,5280450,5283151,10796774,16061079,131839802,445638,985,10459,439887,444899,7563148,11805205,5283162,5312983,16061148,52921873,5312830,5280383,5283128,446284,445639,5283138,9548881,5283499,52924229,52925139,52925310,52926294,52929784,5753,192735,108335,526189,69698,1145,75810,14257919,5789,6029,13712,96373,53481030,13325862,107689,6195,74710,92258,68144,1021,3314,9378,127,999,170295,385,3848,5280691,1102,176907,82111,6508,54680871,10253,264,8094,440873,6441809,91486,52931110,5461103,24884264,440219,5179954,50906608,10690,222285,20822599,74426,222656,51,1256,43045,588,586,9750,111,204,6613,493570,936,790,5327007,Group
12602534.89,3566512.775,96435.42261,1619734.643,23360339.72,15708137.48,8203522.259,15446247.5,930134.949,2388666.184,2462284.334,7699044.43,5845851.941,253340204.5,282087.803,7710268.149,6119942209,31582746.6,5798803.716,5546155.84,13823880.11,11053554.9,4438120.036,6405367.019,7668155.664,6442647.187,12832474.91,148240.2398,823049.5255,1054339.223,276217958.9,2112072.437,7853520.287,7057766.208,9192849.282,1533338.586,49113653.52,7358478.037,72304091.08,3120105.459,39287515.29,82648208.94,2187776802,131728.0696,12005789.81,513014.2301,29335.70621,7670075.219,33646.28054,11553739.75,2350593.215,371113.6622,12926811.32,128141.7826,720275.42,8197972.541,16450744.11,71289542.81,673725.4512,17982716.43,11411215.71,17043356.42,257444789.3,2960777.794,13166764.75,1081679.941,2196913.196,260835.1429,1024484.481,1538649.808,85359614.95,9482740.347,2190034.107,8485522.325,30454837.11,7797150.714,185619.3032,8725280.464,1467117.108,1593682869,83969.07933,1337191.232,458502275.7,356288.4869,177489667.5,166545370.4,21053900.58,24054949.97,3858616339,4622399.197,173734058.9,3467859.526,2348374.467,2435452.742,6002352.103,9713564.412,10874.79625,185464.5592,99462.53189,450999.5181,32040892.27,12298912.51,42278514.07,3219386.474,263350.3001,661622.8504,1466668.461,2660510.163,18538028.92,6031895.512,72124954.02,3011838.285,75604048.38,63005.23719,656800.6231,308109.0166,1226586.984,1650716231,17741947.54,483827506,84126369.57,31264843.41,2050019.774,2868948114,10938862.22,20289218.47,50721307.18,13408554.55,2325197.345,159995.2162,10983422.99,481214.2461,7554949.634,14011766.46,1358443.879,7200454.19,14225086.29,14774969.17,23876171.77,601025.0736,848018.3636,5508240.633,5006923.801,7826075.416,20630.71298,237851.1411,5568382.091,2179164.579,943871.7124,7814448.742,26409473.77,4021301.624,79835138.19,848193.6206,33051401.26,3761149.577,625200.6754,4863242.388,466928.1213,142539.0307,892602.6655,660610.0196,96173.91021,657836.3625,589973.3088,511095.5635,35743563.15,2312675.95,4684560.923,341172.4851,886158.2699,2080707.765,50334682.28,27180197.46,359841.5675,602882.0386,2237467.386,39421949.86,514486.602,1196453.304,1347974.805,735153.885,6710364489,1299522.303,1609980.068,100492.1272,17479440.33,90427.75228,4419000.273,40601660.23,1213303.498,12946077.18,4592913.537,60917603.97,18751484.41,18357161.49,7260877.082,2868926.224,2066898.843,183148.2888,3568728.02,3710311.148,1409044.885,1756323.773,4194603.952,21728274.75,2645021.729,1142312.413,227292.628,1115247.886,78990.86471,0,762408.1744,37731476.67,30425464.38,27227596.92,202665886.9,16147378.46,169420653.7,5110626.671,24617070.77,50312020.14,5797028.528,26570181.19,24912822.02,22017040.51,69951287.07,907985.6671,271973408.3,1325898272,66730883.28,Conv
10110773.52,4560421.488,18999.68646,2327484.934,23450848.63,8093680.127,9246731.926,17434917.92,187620.5394,3165872.468,4041980.288,935791.2396,6344201.828,263213803.7,720077.4507,8983884.955,4384320648,47479937.24,5517793.459,14237907.65,20312138.22,15023090.44,6414226.108,10164379.37,31360900.96,8231574.393,57011751.19,124575.6952,516473.1284,1125060.13,184872574.5,3935102.866,24741440.95,12112268.03,10569440.81,2649976.434,23065019.18,6742097.553,112246975.3,4379811.47,49156584.68,123143186,2433847306,244871.2646,19952292.79,928500.7582,22938.3328,10746456.02,78057.69333,15705866.11,2739784.397,149739.1708,19523060.99,139537.9309,890022.0785,6444686.573,7534581.232,36792921.38,955080.1433,24646568.94,14664474.97,18106847.25,401338318.8,4770132.552,21699823.42,1633099.352,1879775.835,205648.1703,1276626.593,1359822.611,122787753.3,12577348.71,5383232.533,4758480.218,30582492.59,166338.0842,4168013.17,13990242.8,1698524.269,1455745976,130877.1039,2132475.298,618064913.7,349179.2415,297838215.8,291728458.3,29122191.44,19893219.32,5330729338,6107710.488,297645883.7,3679913.938,2876031.489,3994423.285,9394219.873,21519916.44,7950.412956,151938.7343,302123.1337,742422.0511,65579829.89,16001920.56,72010046.01,3400160.825,137585.0952,1000532.668,639741.1504,1583332.342,52869212.48,4838733.059,136774170.2,3068711.417,57853157.6,83188.75063,210844.5986,199167.7143,1459398.546,1919272526,11669493,757248757.9,144606612,24940340.32,3957023.377,2605127600,20278696.36,33300148.47,81128586.83,9086419.455,4276575.127,416358.454,17748989.3,261772.8259,5473449.298,14064264.12,1281107.111,3589417.822,6051264.195,4010840.15,45806468.49,710359.5699,668622.8637,4780575.478,2286887.001,9878397.304,84493.20784,203063.2683,2498273.754,2464918.116,1238345.211,12251231.92,39254096.52,5210052.604,90604592.05,559075.518,42451472.96,3237681.611,1148876.485,4334541.924,525640.7546,144866.7693,1726570.255,1006012.846,10105.58759,1448176.331,1188559.383,516130.852,64335905.61,2572549.414,3885311.791,424636.21,875593.2797,2078567.243,70246943.22,57187217.55,684399.0687,549011.6086,2521049.437,53128471.11,492234.1091,746951.9436,1185696.612,1216377.437,7652687142,1578399.285,1353504.917,148617.3601,26132353.31,179805.1334,5446526.609,66466950.3,1331075.837,17310814.61,5147902.022,119107533.2,15435354.28,14648566.43,10595433.71,2892354.01,5092240.265,146643.0004,7148609.741,9318777.378,1879177.517,786066.0422,3786596.622,30646618.74,10189728.94,1102878.234,478473.4931,1059134.605,246802.0135,200947.3154,1082743.074,67424142.8,26234722.91,27475853.28,404744052.7,18288602.76,147419282.8,6814336.35,7927411.267,49077974.82,4967338.06,236831.7017,37074561.61,23117033.42,90229110.19,511479.5688,321126253.3,1358362663,76532448.52,Conv
8936847.334,3412068.403,171445.1952,1535589.333,14161817.42,6178018.363,8113325.708,15994126.84,93833.79031,1954120.711,1897248.103,12979800.56,5073427.711,249108129.7,472517.9536,8181098.049,4240247228,23348026.46,4596240.993,6309953.067,19966883.56,11256050.35,4602887.139,3283750.375,8504160.967,11365413.04,21542648.71,115104.2632,1002670.728,1293451.675,177642542.6,1007253.452,12005146.78,5538375.031,10308707.03,1263222.069,450395.196,5963683.8,158591735.9,4784207.226,41358222.97,72305734.02,2173303408,120522.8246,22248956.39,586708.5865,28439.51926,8026306.635,64104.96535,12335075.78,3880248.006,607593.2386,26257054.86,54081.70208,638503.0486,9377133.751,7746607.905,69202009.91,273064.4627,17288933.17,15801966.58,17153313.07,409822058.7,2738228.635,14924796.18,1208555.212,2563719.682,110838.9504,2211504.262,1371984.162,170588951,10572102.46,1889569.979,3864582.033,40585904.53,115193.2183,7922793.79,231029.8422,1579390.762,1783889505,165946.6572,2261391.562,814065514.8,334458.1059,458804374.7,444847098,44747688.37,11827849.04,7356997091,11454776.97,460073428.6,4547536.051,3702846.481,5764692.198,13312411.85,9669320.222,11069.3162,115410.6554,391621.3475,923737.7238,61261677.81,19484298.57,57316502.47,4646726.741,34477.40287,484463.759,592540.1732,2956457.728,38993897.39,8795531.341,77410745.8,4765687.257,31487553.11,78428.90576,188754.9449,243705.1265,2049581.491,1440124133,11679003.68,363217727.3,135193802.3,21601962.5,1784824.226,2209023027,16710201.83,27997672.7,63958823.39,6214242.529,2117556.87,466100.984,24358265.93,111793.8966,6291614.101,25064174.53,2240258.901,2602382.404,3796423.393,2352346.239,63917846.49,669900.2759,1066093.113,4851087.297,969998.1585,13955076.82,32311.47311,151432.4963,2192877.22,3835131.744,1401625.608,16327925.19,53596890.96,5093561.718,103678569.4,335273.7405,65403268.33,3817933.036,1008774.999,7070187.363,638389.1544,101484.4715,2816733.649,1433251.67,0,1318477.125,1317255.382,610145.6261,70909658.62,3365068.318,2217188.549,542857.6062,2152822.798,1129261.487,77830816.45,42774507.06,353049.414,404758.5102,1991931.977,33230787.87,534485.3742,573839.0225,759218.2612,1966008.79,7260207769,2219585.678,1259072.558,190853.4254,28874018.84,149913.1671,6631063.412,24304577.61,1220269.001,21678554.41,6034978.186,184259774,13896269.23,20481342.37,10508537.48,3389858.977,3110232.903,25329.45902,8309305.772,6725420.176,2695242.61,1385938.337,2213686.051,36656593.7,6350641.821,1660546.662,246635.7645,1153608.846,58435.82872,0,550312.1567,39938802.73,16130108.36,40754763.64,438700419.5,15509544.69,42229419.37,9155850.064,4375339.488,40016370.84,4337081.713,24444733.49,13522176.1,26334489.69,67890275.25,513756.0153,345561844.9,1023554017,116394100.9,Conv
9338998.962,4076219.382,155543.4207,2536355.407,20447625.63,8944765.718,8392997.795,14369267.14,1448684.865,3874480.188,2392989.493,1310480.158,8123255.47,180766600.5,179240.0742,5302971.537,2369544470,62634504.12,6400307.973,11905630.98,11702294.96,15834060.97,6138063.099,3082540.426,37632755.83,5781541.775,44849533.85,125971.4745,733277.7766,1684715.71,164302900.2,4824603.634,15051055.05,16703138.91,8875516.343,1988763.209,35754626.74,8395373.069,94685402.14,3090927.944,46436046.82,128025934.4,1192028947,9350.14567,60203198.9,233584.5361,40762.20922,6489470.656,105796.0943,15027815.28,1956167.212,471008.6667,14602944.14,242815.5011,903212.3903,4072353.675,7830084.962,58433859.56,2153911.737,8319647.333,6626641.412,14204744.9,222065925.9,816951.3319,9167314.558,926201.2323,1543133.243,273177.5389,2077082.298,3153444.615,104176853.5,9980529.192,5639631.954,4808263.648,25537699.93,941633.1872,337698.9205,3528347.973,2170026.248,1482708644,151586.4261,2838390.677,419003303.4,392961.149,234881139.3,242777584.2,24965312.78,30624863.41,4567804085,6679592.486,237229656,2900986.458,2187153.109,3537026.09,6370516.063,14552173.83,30457.65443,107785.8246,169075.0922,569679.2833,52611769.6,11631902.81,19697714.34,3232560.708,164474.1524,1682013.335,943244.4203,2526215.892,5299074.495,5788929.95,128400803.8,2081789.8,74216001.43,130251.4754,82126.31516,594611.7511,1380222.179,1840256642,14052299.43,547530041.9,104211274.6,30518941.72,4658040.597,2229040142,14164212.55,32107660.07,63456119.02,10615585,2401248.626,364402.5506,16977369.87,235556.7568,12125282.03,12857859.92,880801.8172,6124029.215,20987739.68,21421797.25,31183491.5,1060288.414,490428.5533,5323592.46,7099065.399,7374873.935,130627.3801,297294.053,3297126.793,3543141.95,1666480.518,3967366.942,28153088.75,9480760.224,126485128.2,650818.9818,35255688.76,4020066.322,715596.3408,4794117.575,736023.9428,245481.1171,1284071.796,713963.1509,220742.5165,611619.3333,1006951.211,689248.7388,58743511.79,1727222.77,14874052.08,600392.8246,730000.9891,3189612.616,62101181.39,27022410.6,151937.7247,194727.8317,1631552.667,34264911.32,351516.4382,661198.3652,973632.3994,955188.1535,8090627268,1990583.95,2128411.106,126770.2407,23402807.4,91854.31767,3774438.269,41927774.61,963813.8253,12782964.72,3601757.317,109857774,5942810.447,10729012.05,6461797.238,2825413.403,5035573.477,103156.3182,6629624.997,3641093.911,1275986.646,3427694.139,5099942.252,20508646.15,2435354.747,1054619.809,1707584.107,955561.4714,461087.5466,0,863319.6476,56267543.94,36277376.76,12388838.57,278029282.1,8626867.357,232533366,4320354.018,32607588.35,63052046.19,5403713.657,407407.0018,53336184.44,50586995.13,78735752.6,593279.9173,230716599.3,1430694328,55526350.16,Conv
8720741.088,3977614.434,305746.478,2367733.679,24108489.72,8898363.372,7756616.825,13529981.85,151896.3319,3527108.612,2041386.196,977750.6176,7466583.385,178178887.8,116782.9977,11747075.61,4795561167,34920336.79,6213475.227,8963280.155,8106409.529,13997240.14,5704033.717,6605100.764,31062963.31,5071445.834,50027364.41,154142.2674,752489.3169,1229846.465,168981446,4164765.485,11470586.91,15402909.19,8557666.158,2446744.005,46022850.95,6026313.139,76166142.9,2154926.648,44241736.93,119058070.7,1299593632,25415.33334,11366897.95,175811.6165,23950.39803,6214502.704,124644.9749,13851224.45,1892495.031,540497.978,13180255.63,251927.5078,741204.2719,3244016.934,7772394.765,69696348.84,1359573.191,11220081.11,6033853.281,18505982.25,152422380.4,636279.0273,10213136.49,922698.5902,955308.4349,248267.6119,183503.4784,2908075.588,87380404.33,10452172.38,6462886.556,4617524.562,20465297.56,514739.8067,140179.5024,2854238.764,1669190.167,1344596523,58231.82917,2422854.27,374171496.2,463670.3362,194530370.7,190247370.8,18738320.59,17368948.19,3822506514,6750238.443,185548712.3,2566656.604,2011355.75,2899568.674,4409768.183,8052750.033,57365.90473,130147.6853,121783.31,748093.7435,43733318.5,11061131.98,17044498.81,2516988.978,218099.5738,1205045.426,1177634.446,1539059.247,3385530.127,3355805.363,76629954.04,1469609.644,78419595,112820.0482,484100.2924,487990.5537,1076199.656,1841970726,14443918.9,649806547.3,93010064.29,30108169.09,4269051.352,2434243247,12317770.61,27088748.31,45721866.86,10548684.43,2174966.476,306658.4307,13093105.17,160047.2086,4843042.391,9215466.586,564607.2779,4891320.17,13037812.92,13191221.3,27471263.53,785222.2112,428966.3709,6751089.982,4320752.432,6345260.425,53824.29134,269731.3832,3119526.672,2488639.552,805565.3574,6704954.773,26416854.44,4826551.831,73672633.17,584088.4668,28281414.98,2724687.94,524100.8678,3576547.345,404392.1851,93049.27714,1287420.556,433464.6658,120144.4946,854547.2024,986861.3947,388302.2872,58499485,2139552.344,6253593.024,1048249.489,478176.7523,3222300.23,54261937.11,48307370.17,218397.5461,204115.7002,1854455.853,41993914.59,359284.6513,841101.8581,1018510.666,791470.6927,7551112905,1364284.299,1657709.282,121553.0043,22010665.85,60446.93346,5875833.083,37566907.17,864923.6606,11845906.02,3440489.974,87524423.22,6658565.424,9926187.164,1541170.866,2359203.664,3528642.498,53841.95704,8426057.711,2796500.546,1228508.304,1727574.22,4568354.238,20081685.06,2276434.617,737057.5593,1437290.836,998289.1314,418201.1496,273887.7719,1099551.904,60811846.8,31038808.03,18944825.56,250669092.6,9060797.721,155234479.4,4255918.633,17195386.33,55307053.7,5282753.136,27530988.63,66461316.65,40900450.57,69485459.1,585831.0388,203472229,1982225483,48423839.82,Conv
8800684.089,3359952.789,149425.1618,2282048.955,13860653.1,7271829.883,8012250.468,11824092.69,64981.95281,2417046.096,2380614.565,3456705.156,6549096.584,157506771.4,78486.78942,9115314.155,2631992414,25765759.25,5154097.838,5854166.082,10297582.99,13697252.78,5966116.85,2754637.683,19223121.41,6401949.058,35786530.36,155107.0291,641113.1045,1066305.883,174306983.7,2643227.562,13540801.31,12023122.43,6738378.607,1413825.767,214435453.4,1917635.557,90501137.88,2496250.471,31072652.66,103031828.8,1119826680,62209.66516,13931582.63,172893.1472,63810.89049,5151010.26,87202.50084,10819642.5,2331054.601,488088.9557,16271943.55,176817.1085,603170.0046,4834259.852,7046595.004,53265844.46,1464577.905,9992401.927,5888783.823,15766720.21,307890556.9,799235.3221,10796082.83,942048.5268,1826232.076,217740.2388,1624587.334,2292845.795,101072960.8,9807725.862,4863774.558,4169998.123,28073194.62,357288.8879,174383.2021,2480396.405,1442790.515,1790701678,42972.23869,1963496.301,445349226.6,474139.2435,235149401.9,237923913.3,26261866.75,9434745.105,4398007118,6392999.916,238560260.7,2799353.073,2183595.823,3252391.408,6234007.64,14748321.46,16285.95791,77944.14663,168573.0516,807865.2004,60292288.01,11804031.76,15188122.17,2852112.679,81009.38842,742367.9171,511827.2414,1865381.077,3359214.251,5808256.478,49939705.42,3021370.789,37193420.85,105828.2614,91876.25781,281165.1862,1320886.011,1641365099,11303159.08,417834708.7,101992805.2,26568195.41,2618323.344,2017152499,11756993.73,30789755.51,42681029.05,7690615.796,1956212.055,251673.4586,17885694.75,295777.0796,7320895.531,12232096.6,1197339.021,3705548.074,8839726.892,8036232.901,32576959.26,801055.311,510749.8305,5521039.836,2628505.634,7431418.65,102873.883,326653.9982,2041054.432,4646634.226,1076451.737,4056551.239,28882940.3,7450019.288,97585645.97,633486.1365,38672665.57,2298453.422,525169.5685,4187882.339,610555.7027,181158.5055,1554396.682,576101.2142,17101.43147,1674009.974,1671434.897,584918.7894,91198569.98,1753930.156,2947403.6,502444.4187,917306.7204,3273480.962,67400383.98,31845519.15,6566380.972,293602.0843,1421342.574,33200832.01,225911.5271,732922.4379,1097531.613,1152257.071,7330739905,1865795.85,1659077.531,265262.95,31246779.26,63899.23622,3800290.126,27642924.02,793725.8245,13088455.69,5499942.142,105876533.8,5130494.235,9305763.707,7625737.343,2436285.617,2782433.018,15262.18002,7579539.907,3168128.081,1446271.047,853344.9902,2437969.817,21945511.34,2878876.672,1837679.378,971573.5532,905873.0157,304893.3809,0,586301.9569,36947068.56,19358610.7,12209283.85,342639858.8,8080865.618,64542559.46,4762894.568,9978373.927,51373807.95,6124593.233,18124255.01,21460017.66,32032935.31,79425157.51,314143.1942,291982441,1956179122,59204500.04,Conv
8371454.247,3073393.549,1357012.661,3688953.763,27381854.01,4304708.98,7687468.673,14640020.15,1135712.222,1791332.103,1606857.973,2208164.122,4810316.39,194050557.1,356022.8764,8810621.464,2856708206,32054050.71,3916720.149,4912732.835,5262894.345,7093024.564,2766581.645,445500.2567,6527195.215,10174582.2,12009158.99,114044.3111,162081.694,739641.5402,177814872.4,1276259.56,4781006.561,11137207.06,6241845.999,1323426.749,5815934.271,9088423.292,89974423.15,3024490.446,43701623.51,54343988.05,1565851450,85787.4023,84734078.08,93630.93741,19292.47588,7748832.979,248234.6415,13695018.14,2399252.751,530854.4983,15188159.85,359982.0907,248471.5197,5763426.828,7131530.648,96908520.45,268674.7572,9042779.135,9985779.001,24125719.92,482014705.4,1143356.238,11995249.21,559792.0078,1863266.789,270814.4085,341908.9468,1705081.725,109083520.3,11911607.53,2650804.212,3038545.669,32631612.7,2266516.076,3763007.653,1476214.287,41983.90718,1266008978,92773.62402,1676316.055,406802436,501376.3766,236144998.8,233698788,29411699.59,24321348.17,4770885901,2041055.495,263082158.4,2951133.923,2149662.183,2946253.923,4738729.452,15129238.68,0,85622.57271,149019.9953,619483.8127,52886616.12,10761177.11,1407424.588,3757764.051,0,298158.6452,615865.0822,1502824.565,1308688.375,3751891.507,97271884.75,2552311.397,90448675.78,15775.86168,667715.98,400642.2349,1327479.014,998363805.2,10249405.43,406163598.1,54059915.81,27114973.16,582273.7591,2025991280,7513603.797,24281066.43,16490897.9,4481550.549,890425.5474,114220.1282,15648890.49,356618.9116,8976035.289,15008819.26,1268709.88,6259599.268,7091328.609,10120830.8,30288850.8,466581.4076,608652.2216,5980832.503,1507656.099,5634433.209,111723.0144,168504.913,7077965.125,3055730.509,280004.8093,8767724.39,24444959.51,1626984.533,39008411.63,811221.2183,36223293.31,1064205.435,147966.8524,1561413.929,221126.7213,203032.7493,2566665.602,933742.7628,53958.76142,64073859.3,1419199.206,241008.5064,76929148.74,89079205.89,6883443.051,612321.7018,548355390,1248390.444,34088766.97,456802709.5,21581349.61,352080.9243,1594131.623,19248436.7,377522.7703,682301.9335,1185229.778,1371125.801,7499447625,1135931.274,2026876.59,106475.2527,10636421.09,78994.92715,3809577.785,29072012.3,791790.0386,11554537.28,3813236.02,101396468.5,10250309.93,14390623.7,2472859.778,2412953.594,1407276.12,35797.84247,1687199.624,2650447.877,1506674.919,1018292.422,4978283.07,18148234.35,4975275.867,4033311.621,88236.31708,2243360.114,511822.5931,0,659266.6287,31915541.84,31879066.61,42180139.7,42191150.1,12095676.03,91797323.86,6212801.849,7164348.166,63193789.73,3883959.022,23139497.02,39997106.22,28384713.65,42108951.9,156670.0027,242040224.1,79063565.66,65076554.59,Conv
9192745.165,3690471.549,882621.7108,2930097.142,31184002.54,7055757.479,7991370.518,15527563.27,1529648.021,1317688.094,2566751.396,2650562.638,5067377.332,247465605,101927.4561,17602901.07,3562948591,36595020.16,4229480.231,11257077.52,22799821.76,12397160.11,4565893.037,1443172.431,8434851.555,6747906.621,28233118.27,55653.75079,156022.1042,684738.9678,271658694.5,995415.1361,12641321.84,19365895.52,7160163.187,1521728.391,91181888.94,12739162.34,45007173.66,2419845.822,37612354.42,137175300.4,2240356628,72417.65386,16091427.54,159257.1567,39345.08832,10077481.92,318864.5105,18546856.41,1883492.35,572204.6448,9064255.774,94932.67105,308010.2838,3539531.266,10427727.28,96554454.33,444593.179,9006606.574,16158456.17,18992942.7,398347834.8,1651851.829,16138195.49,672541.7402,926328.6346,304435.7622,204781.6456,2399171.08,63398785.33,11929592.01,3019293.098,4133158.034,21346039.16,1099910.435,626804.1495,1390118.638,14232.41961,1700604713,89182.93552,1147895.721,216978405.9,533476.4476,133733589.5,115669239.4,18630830.35,13210319.63,2776249626,3216500.064,155787429.3,2073740.945,1469518.683,1567017.613,4414391.93,14136531.49,4252.924924,128311.5208,97039.56736,1128673.529,40565618.53,7976356.737,4428216.516,1674617.305,38207.93526,185796.1017,442631.4085,2933634.932,3300837.322,7495965.65,115771200.7,1014923.517,31405759.91,150289.5526,607331.1223,212835.8095,707317.5426,1835803755,8512387.82,665297467.7,75389457.69,22508856.79,758109.4613,1995400908,9199226.122,39403248.68,22538919.35,3548207.102,626810.2129,32319.46165,12430065.7,403266.2477,3390110.569,9362051.893,574879.3007,4208014.308,3001145.927,4047383.191,21669577.06,287733.295,531942.864,5309073.851,724376.8389,3329633.877,51372.76644,208777.4553,7474217.086,1213362.601,799126.7403,6034069.041,28220892.37,1001453.138,27519326.54,353394.7164,28170681.56,1137851.451,262968.1297,1267214.306,147285.0912,134686.3277,1555349.285,1356274.932,0,105910193.3,1704149.843,130424.225,94715996.72,130524636.9,4174747.329,344406.8644,631970230.1,2386319.724,36826322.76,109248440.8,20962861.34,285808.6425,2162447.979,50703106.58,565617.9665,1028573.61,638285.163,723712.8074,9243238550,1047436.273,2580866.727,113547.7097,14374103.55,128786.2063,3187739.469,47746425.39,966429.7456,8738068.814,5356671.46,46750614.92,7548290.202,13481597.6,18318729.9,1555068.41,3532607.602,23816.95263,1725081.077,3890750.81,1221470.107,2128913.626,2691550.286,14163961.19,4709696.769,5347145.216,380860.3831,1335551.739,549228.9137,0,1092290.375,38766557.56,14790815.79,62656006.37,56764654.1,16598526.25,74219504.45,4309026.998,2850337.719,51697691.04,4679373.45,26144680.05,49211758.2,28091056.65,75449321.73,479590.0166,269233370.1,1945606982,48834995.82,Conv
7881276.668,3295181.055,1533456.869,2879980.537,20351448.3,6945053.786,6154267.23,13337896.13,1218839.507,1515131.35,2055770.341,3496029.252,4239907.922,225322228.4,162223.5831,17520040.45,4334774283,50059586.55,3259370.68,12829123.3,10758103.74,10908307.6,4520689.508,1953269.145,7392970.638,6110916.331,24652998.8,45277.57402,8261.855061,758373.756,305415464.1,1093082.86,9140930.108,9450596.038,6314285.458,1225920.43,108289859.5,10455266.76,45623251.09,2943171.561,58690736.97,52401799.91,2769875127,37716.45674,14041890.11,69260.56966,0,10889097.68,406315.119,19590565.18,1390036.09,564830.8101,8092085.463,162513.3185,254152.9074,3665290.039,9480033.049,146662058.9,989578.5468,8313713.167,15408805.94,19477825.03,351231080.8,1685511.931,17977285.48,920902.4019,1260341.998,156984.7138,1483570.633,1612386.928,58919091.95,10329998.63,1882700.951,4063907.11,23735142.39,1831796.781,209823.0343,1384004.824,0,1398264980,85792.12252,972799.8098,228138089.1,289827.1375,119252936,109467566.5,16045828.06,11365434.69,2665964913,1615481.618,138079722.9,1806813.412,1197233.814,1480486.051,3700706.366,15333246.98,41550.43553,59302.90877,119140.4184,590227.254,54991486.12,6646604.377,3673197.538,1408310.189,0,100438.7574,168075.9231,1978353.843,4669726.073,8249179.336,106294974.4,1551250.495,29329960.97,132730.2229,618655.2492,442281.1249,722227.6105,1716462839,5681165.416,820352581.6,63372482.01,9703426.447,557742.0441,1903509861,7342918.819,15988385.52,15507095.1,1865582.889,464922.1752,69566.6787,10759690.56,283449.4885,3420443.489,8876828.696,849806.7741,3295586.937,2938436.187,880526.6557,18558396.01,140229.2028,378726.1557,3222629.497,240382.3887,3007673.208,18341.597,228080.5536,5571741.146,1453786.366,154336.6775,3610741.831,14397145.73,899784.1581,26767538.83,278195.3901,25215349.88,769020.7541,69683.36623,1486088.547,150452.7239,321207.2973,1807211.535,1000546.521,0,62657863.18,1615458.337,156976.903,95373127.56,91448568.57,10910352.45,945956.455,622665771,1567132.862,28414363.13,293481564.4,28991222.94,287785.3622,1208717.203,41894334.36,278001.6838,433371.4167,1278413.575,610980.4065,9115733091,1065107.262,4449020.582,59242.12283,12019384.39,124718.3642,2779181.435,79509329.16,841422.9749,7591946.58,3620454.155,48582785.7,10947394.64,9649698.774,9210639.559,1313619.196,849405.4479,56245.31084,1844186.018,4803318.073,1116639.228,1261590.115,4604777.404,10911834.4,2256018.055,6468532.443,7968.790402,1660382.053,348064.6045,0,1296460.713,32765918.16,13072022.63,40746145.23,31001716.04,21805700.78,79061745.25,3871107.728,1138337.177,51041514.2,3625227.3,27264372.93,42921524.45,17429899.03,53565156.37,376206.8923,247857452.1,811587924.7,41097551.66,Conv
12193880.68,3553387.941,197254.8067,1850158.879,46577587.84,16833867.59,7205463.602,14140585.52,810436.2813,1042763.248,2637888.237,2895496.943,3196215.222,131142960.1,86533.14255,14050876.83,8274369329,34904927.24,5737726.49,24223301.53,7790625.592,6535756.689,3044347.631,538420.7653,2641324.221,4384247.446,6615883.727,33520.66471,51410.68843,699339.2264,401705981.2,900659.6518,4757207.282,8977042.222,4796953.74,728162.1316,94420512.83,9263531.009,35620087.88,2308974.14,64458296.97,55013544.53,4159961034,43665.67881,18027077.35,123027.9034,12114.59885,9884889.06,208923.4647,21656658.37,692959.7483,117968.7107,4220607.062,390814.9475,391098.5614,2640422.593,12087882.51,147047053.2,802349.2279,24971182.28,22679185.83,19898705.49,222910394,1666237.062,25039479.59,1219372.57,830211.9398,251624.625,1339189.574,1484662.018,39261330.25,7962963.393,1947963.066,9784765.177,17103109.68,11843215.88,864770.6234,1428673.006,0,1472732520,72681.44908,874196.1976,154348171.1,274002.4032,73393956.26,73009794.83,14002861.39,9774003.115,1765097875,545841.8782,92864607.33,1692118.931,1386571.695,1235665.219,3103893.936,5649972.23,5846.71924,301557.3859,0,468474.6176,19492964.25,7240042.547,3282116.273,386882.7629,53663.02764,178855.3782,428216.3771,3051565.333,8318961.431,3007531.456,116198683,863643.865,34672475.05,155730.2861,499332.1335,100551.2772,601425.6341,1178494795,4431837.458,420802947.7,41346513.78,9438120.118,427603.2369,2169166376,7078122.313,9000672.952,11725747.27,3142721.314,374342.1835,98337.50055,9132875.979,384715.2051,2977613.438,6253017.524,306068.4658,1708258.893,2047704.823,1413276.03,19696220.24,139545.3136,401128.8801,4883241.891,451133.6705,2434419.018,0,99973.35508,11823581.77,628327.8185,248702.6006,5338401.587,20103524.34,182783.8238,15826441.5,738545.6481,21655163.45,1759771.205,243848.1253,3592484.324,64095.65315,572844.1749,1455417.547,775400.3798,0,48675117.52,279425.4357,34017.244,24349079.06,79006509.45,4132890.05,325206.5138,518870900.8,1772794.524,14893362.54,59518372.06,13492391.1,91623.59523,3427414.23,38151371.46,746065.2639,817852.1309,554927.3416,950693.9676,7448446659,845689.423,1990649.893,25286.81155,8304002.353,70123.85299,2116506.155,94948305.47,742565.8393,7783871.594,3678313.503,30065082.31,32980437.52,7377637.76,3005851.243,1864708.95,1341951.338,17103.88167,1663226.601,3581274.748,849706.3186,1614645.233,1875964.363,12416885.9,1745232.656,4125798.392,47926.37755,1521880.916,506786.393,0,669208.8308,25226298.8,15313005.48,42816405.19,40676858.62,32174791.73,151683738.7,2973832.624,2278425.857,51098742.26,3771082.779,25225953.21,86369805.04,13650150.65,74162203.42,867517.503,206047710.8,142622349.2,30346923.45,Conv
7470111.398,3333766.621,2533732.092,3307552.02,21292871.68,5693760.93,5411531.41,12851918.64,1582702.767,1374688.062,1911557.84,2604404.428,3431668.135,189945547.3,163849.6607,11126477.71,3342276866,57509314.73,2957906.421,13869915.88,8421818.465,11366155.93,4366827.271,1371761.198,8008260.464,5153303.729,29232174.65,99966.54224,65866.56894,537362.9075,237954532.2,822511.8528,8757026.904,9808363.549,5298619.435,1589716.042,88755169.04,6936982.208,44700829.94,2001872.833,81308376.96,66602076.45,2182578786,65537.34415,15587262.37,108201.8104,0,8395139.61,254189.9528,18355617.95,1240259.791,530893.0908,6923733.799,119599.1716,252632.45,3348271.171,8833420.662,123462719.4,1086893.206,5550980.827,14886735.95,17242540.21,354722046.6,1320160.844,15592436.27,944954.1666,1203403.173,188604.5098,1672134.907,1717119.053,54861440.06,12376667.68,2928470.551,3695656.79,20904350.72,1946338.136,1565297.657,1406527.453,0,982023821,75725.97623,958715.3284,217004294.5,302851.5598,105534897.8,101885898.1,14677469.55,8202367.511,2415426498,1412069.357,120042103.9,1598035.859,1123583.414,1479005.917,2829096.319,21028801.21,41546.25311,53955.10596,59790.12002,563466.5454,83033412.86,5896273.527,3410165.121,1407945.429,0,93735.8815,164597.0965,1426187.317,3679614.9,7822169.107,100998187.3,1525744.403,27798419.43,81578.41357,580675.7719,490988.6721,698877.0168,1952542469,7673861.491,742297931.7,65161207.92,14692071.86,428270.8581,1728288543,7839694.385,19200372.24,15323647.2,2791485.528,544185.3085,22701.00172,9185397.998,265262.6567,3667703.809,11401021.88,810541.0585,2644392.852,2936041.05,1914541.086,35060723.64,372140.6759,276432.5277,4800670.18,694064.7077,2794804.742,16290.51661,196641.3358,4307897.41,3043081.254,387367.9071,3282607.637,12485732.37,602127.9519,14835935.87,173362.9673,19805319.12,962660.212,173067.1714,830632.6201,59224.15023,255467.8648,1559105.314,94393.27055,0,75708240.31,1665164.408,86091.45616,99356862.18,104088068,12049916.09,932806.4057,613616677.9,1239401.905,23300701.08,542838438.6,28323948.38,217592.975,967448.347,35922073.99,275481.0396,444248.133,1070278.472,520577.5662,9101846743,691328.3098,4600063.171,79660.35492,13338061.51,163500.2631,3430521.708,68235282.14,903852.7451,6692103.617,2377832.28,45201044.42,11509781.84,9315439.529,4363673.081,1137685.004,1395794.093,20205.97782,2009717.397,5393670.105,1345433.963,1626885.975,2360432.837,9759061.605,2935175.029,6038827.194,20671.6446,1253515.5,357471.1255,0,1255622.163,41757438.59,19411940.92,43892164.98,48114443.54,16679297.59,82465341.93,3274192.425,1866710.432,49082235.21,3325365.883,26383506.18,57473909.85,14759415.33,49460017.63,300548.3771,203547390.8,907989446.7,35142475.2,Conv
9591045.645,3392545.396,285468.3469,2809592.19,23184584.74,5434386.993,7251727.68,14961900.47,1625775.173,1697191.514,1919031.934,2681884.796,3983617.176,192914989.2,137060.0859,13104550.19,3134352095,32870135.05,3844101.874,4501788.06,11178781.24,11049157.27,4838107.219,939914.3365,5520817.214,6985006.863,16348479.61,87575.63582,451669.925,476306.9001,195147773.2,1649039.861,4957127.916,9771423.49,8271033.59,972207.888,79212540.15,8627237.69,47347274.19,1979285.261,27833922.28,135885767.7,1510118841,95015.89731,53402710.97,129586.5616,11657.71832,6488643.72,162798.2708,13887546.14,1942473.337,549095.0165,11315750.52,227275.3157,322907.5694,4116362.801,14660356.65,83903231.98,755453.2985,14309888.51,10677435.07,15832183.21,498103156.6,1023283.834,13456180.64,905736.5065,1346506.346,232705.592,2594785.578,2027574.484,67296258.55,12115082.3,2704549.357,3390435.918,25252243.59,3017919.679,572439.7902,1413131.16,9603.139385,1302925240,89397.12299,1265664.769,225945440.3,481817.4431,136200939.7,122327121.1,19787252.64,10908121.67,2976575960,4086739.855,155956166.3,1992238.015,1291723.478,1598857.019,4172726.236,14415295.54,4832.411257,101727.1692,91435.59878,651771.2674,53866436.27,7128653.444,4440673.411,1574127.659,0,301233.7281,1402418.819,2090864.412,1344165.704,3301245.239,108307074.8,1791878.289,60595842.87,14114.87846,607280.7503,266781.1823,836664.2352,1633038855,13794498.01,741832646.5,74330552.16,32664321.64,823331.1136,2570916893,7922634.799,29463743.22,20557350.15,6589968.301,951642.1152,39256.49432,13144632.08,311561.3559,4765333.939,13638633.66,837402.6176,5146286.259,11825297.94,14052963.25,38813491.83,320891.479,491299.7471,4873652.875,1645927.635,3431710.042,149147.5573,213518.7021,7009531.225,2095378.935,750540.9146,5572348.857,15537775.38,2839190.509,68838365.81,635806.9126,30194180.31,1327306.499,203208.4147,2555743.977,425420.5709,181535.116,1697380.783,927434.4171,85911.31292,90250519.51,1788273.824,339984.3455,103634870.7,120761852.4,4066412.485,267174.7653,413373528.1,1833077.446,37872432.76,498345753.6,23915920.6,494133.0813,1831531.198,53285626.09,476490.7548,764695.0604,1320917.682,780551.3639,8032263813,1473581.862,1409859.625,218861.7318,17746835.54,138133.7236,3118955.356,32286335.64,836893.9028,7923947.906,3790256.927,50351016.54,8078497.084,11492897.03,3585270.413,1396957.97,772621.9129,0,2113286.434,3088836.539,1343516.986,1122390.811,2626445.872,11754996.16,2702141.514,5348515.853,235934.0798,1426329.403,645494.7319,0,1258993.446,30320413.18,28170524.71,83328038.27,41480884.32,11079409.22,51990591.64,4074601.44,9142719.148,52830303.57,4601654.835,25682124.3,37123791.75,23395392.28,57530269.87,211711.8743,369149053,1355099182,49037189.52,Conv
18232417.26,7949281.591,2158934.458,5090699.793,48935032.07,11763376.81,13061574.65,26233623.4,84080.79936,8401873.328,4505187.437,790154.2126,15965507.05,166263839.1,8989292.793,22472111.3,4959687331,10779998.27,4346695.271,9416779.583,1910911.68,920528.202,324265.6247,2297074.927,16994049.36,6631787.497,17739652.74,440136.4933,4821836.379,1323008.4,323132903.6,2671119.088,8375558.479,5140390.442,14485040.23,1054988.134,64416234.29,12786871.71,71754774.22,3362294.818,75756121.03,73048245.01,1682814726,1397727.671,80839099.24,7536106.604,2108288.039,12121412.71,176931.2547,21158492.64,2930123.47,3166032.763,10897668.25,219905.2744,1146858.275,7448808.746,13757003.78,31400644.8,616484.0104,1259347.356,7277685.691,29207406.37,22941.00135,344551.1025,11780318.12,454435.9187,1708778.298,494371.951,1671480.96,1197871.845,72835661.27,7726746.269,6073170.53,7060603.779,43098081.24,0,1616387.359,449129.4433,5263397.027,1769662818,217154.4244,1951341.049,335481467.1,583714.3783,160425982.4,135547504.3,26510375.89,34202475.16,3264680307,531099.2686,145074330.9,3823093.878,2327990.703,2215554.881,8252905.066,1617219.446,272618.3094,182435.6854,49966.99601,706738.0412,8197309.289,12564369.36,1434895.421,2763329.284,3250191.259,1267738.685,4781389.397,3979987.513,1472438.856,3106574.665,230459821.5,2357756.5,267981899.4,189747.6637,412809.1936,749331.7654,887589.3846,703190259.5,40545861.72,235459065.3,303127662.8,71607207.71,5164666.35,2911101059,25732280.47,87940918.67,134117024.6,26258001.39,2641698.424,192689.6636,15561906.41,2046695.3,12323756.5,15060456.55,1145596.836,4532023.19,38400649.4,49766290.01,28715102.29,1785095.81,1144509.358,10975281.17,14622575.98,6152590.216,132990.8983,379499.3257,26182085.52,6283311.731,263668.1612,10441323.48,45702101.13,6027927.734,134549237.2,2538822.627,43957759.49,5807030.88,979370.7528,3869299.963,830993.4349,250539.5082,2960529.435,1236090.917,454746.1587,751930.2279,233762.6436,811171.7296,16557564.7,1780634.494,20141064.29,3837697.562,952653.4335,5693531.637,118413644.7,670651.0136,116709.6699,658760.8779,2701586.233,41474243.01,499937.3908,1648988.323,549178.4764,1659456.385,5740819768,1228183.696,5280409.435,0,967495.7216,843356.2829,4676664.312,23378558.77,509103.6992,13994696.1,5165622.024,50308770.24,3611012.787,25487343.3,4302884.293,5835469.177,3424732.828,165527.6483,2152437.757,1496734.874,1983717.584,5525537.771,13564690.41,21444029.87,4184506.335,395977.0174,1645024.229,1185866.394,449714.549,888581.5661,314189.1683,38055361.16,70995078.49,4067675.274,2834201.833,12146128.32,171790492.2,5057140.502,78493801.42,39342585.61,9776818.348,328134.1368,111073178.5,37501854.36,54304883.19,960551.4965,405741255.5,334194941.7,79709574.8,GF
11702960.43,8423808.736,3895458.928,2386263.553,42772528.06,16354754.45,11443017,19758036.25,154514.6988,10638702.17,4875373.911,1004197.507,19823395.94,182881964.5,6733779.256,20051766.7,4531918448,17389716.45,3871792.309,11726777.25,5672999.144,6928343.427,2799168.668,7986325.369,62782968.96,10489528.88,40490212.83,124003.0235,1580475.233,2326975.464,168808353.3,6726319.264,13931067.05,8717956.311,10099100.17,2125882.91,57122600.97,13635597.1,88881102.09,5255437.526,136308476.5,94301174.38,1505072987,1102545.579,45552951.94,5619083.399,938111.3958,11143168.89,209382.1754,19780206.45,5736408.447,2435958.251,27022414.13,583623.9787,1138015.972,9564517.415,14094525.87,34942807.75,856783.8109,2211706.456,5545111.959,32028332.26,102150.543,291901.0754,8181011.544,422773.2636,2331200.349,390805.4252,257197.1977,1938326.258,124850066.4,10415479.52,7240351.038,8357889.336,57949327.63,15378.92855,3740050.376,486364.2337,4539001.874,1827497996,176179.4804,2282321.196,541860645.3,697023.9526,366502648.4,273065750.6,40575874.67,38013850.85,5494435379,889842.7326,311434237.2,5058034.116,3567904.056,4382256.25,12034421.49,7048077.828,143844.0007,156419.4986,377128.4862,712662.635,30459923.06,20655262.69,1708240.761,6068066.909,714852.5227,1670023.72,2615520.191,3555196.721,798040.1418,2972642.594,240778748.2,4288440.073,395185660.8,118451.9205,129150.2171,800464.7128,1474971.6,1341798659,20770814.32,267682047.2,260180623,47332732.92,6232569.981,2617990042,36048169.61,66063224.03,126710621.8,16520719.95,3491448.325,339058.6953,19993809.39,1322166.883,11156427.7,23182853.53,1753168.073,8309334.415,21102037.46,30780706.51,48069275.08,756779.6527,1109862.301,8962669.83,5693406.283,9613540.266,189401.599,361643.4465,24653052.48,4788869.87,3928655.26,15147127.31,77094729.67,6026309.211,124934233.4,1592654.468,66747948.26,2781965.951,1367389.852,3760733.64,802605.4518,358447.4561,3240808.711,1361276.763,309720.4403,808508.1637,534703.5131,694728.6032,33881565.48,1384916.512,26743039.41,2592161.266,928164.5989,6209766.412,128202474.9,853211.2471,235087.2017,576137.6639,2827067.379,61457027.87,673734.0285,1177714.582,1800347.356,3047058.002,6217554805,1948682.333,3957378.816,217889.205,1709818.155,636735.3826,6424648.257,25656887.71,558050.1513,21745480.83,5490425.803,102643553.9,4115996.468,20450220.81,1171284.613,3599972.142,8552840.701,221766.2828,1833254.046,2589937.65,2651293.797,5247129.138,18591089.38,34995773.38,10331675.6,1198258.715,1817594.042,2255697.976,543980.0862,1452317.979,387711.655,57362586.57,100865792.5,4106535.671,339796.9537,504785.5585,169440916.4,7458905.119,45336543.93,41463246.3,5359572.747,241710.4224,169636753.1,40503566.15,56291458.76,500820.6797,533574549.6,1042671565,132552241.9,GF
11788704.5,10744996.95,3501748.995,4067085.833,53027847.36,21298559.46,12135650.88,23032454.46,146371.9932,13095727.7,2771522.468,726453.1469,23688394.01,165233032.5,8508495.864,24263652.09,7894140456,19864285.33,3628283.662,19581629.19,7525163.152,7938074.565,3333796.031,9939018.627,87879392.62,8259267.093,48447757.41,193097.7871,1660277.056,3226765.678,146768754.4,10287620.05,24987117.6,8140607.835,14775768.61,2788485.353,16212102.36,11972037.89,70661349.69,3555159.028,221912028.5,97107276.56,1394615928,1182372.145,29320357.8,6924992.144,1355267.709,11595566.67,317129.7674,20252573.85,4968380.036,3038983.714,18179631.95,818072.1273,1624837.688,6591879.14,17399737.55,74374820.77,1605175.513,1657775.788,6576688.128,23562452.52,126974.1559,264070.3455,9381269.605,512101.2255,2082517.953,261295.4199,5577789.487,7544524.599,98283636.45,9243096.076,8606437.425,10384477.85,50466542.26,23559.52355,3787724.581,614902.8132,4875803.432,1754299692,291591.8781,2905702.396,501011891.2,575239.1231,281864069.5,203698745.8,35258081.59,14398476.57,4338960649,527450.2176,249368302.4,4372033.704,3232088.956,3512688.433,7506253.378,4128388.289,88054.59506,217992.3605,324728.4873,1957340.487,21923086.15,17139658.43,1204908.391,2906039.187,534240.0637,2289247.692,2774825.986,3409631.458,665276.7138,3743345.545,356160653.3,3290117.887,538159492.7,113117.548,138213.9773,937070.5445,1251857.615,999629335.6,18727254.26,364545667.2,160840728.4,47552418.96,7525707.849,2577713090,25265528.12,51378558.21,90644916.65,19357895.85,3202277.52,614259.3658,17266005.7,1148775.958,7128511.071,17275345.46,1406967.516,6500799.108,22902577.06,34265964.07,75507999.56,1222502.922,891397.0183,9204674.084,6301744.242,8117064.964,190723.668,307148.247,23117185.64,3593448.379,1349335.682,10749845.73,62225672.49,6383221.809,112459206.7,1215760.049,48591291.96,5091671.656,814506.5031,3495956.038,686032.1125,379315.5086,2545489.175,931183.7591,411688.6551,1196673.02,469164.8219,668543.9385,28365764.02,4140526.197,23743861.89,1786875.479,1114233.442,7169636.218,65810202.9,733082.3427,168420.2696,419246.3712,2770204.108,53805322.13,584121.9709,1271504.942,1950414.544,2118088.341,5699683207,1866132.024,4759938.973,5011.002773,1546181.254,732437.7337,5676196.053,29939552.41,570098.5983,18005520.78,4586821.068,76437436.03,4837042.235,16943386.31,2515655.349,3076220.056,6896455.978,523566.8347,1915227.131,2707067.087,2089062.133,6428359.631,25265624.6,28854128.06,4385612.531,870576.5797,2953900.968,1864698.227,531483.2143,1098294.975,481877.2293,71680372.05,135626019.7,4557558.405,186276.6326,10271127.2,229145341.8,6122792.185,49791206.2,40996670.38,5609037.359,315634.2058,172773953,41534233.01,64706431.85,620448.7976,535770373.8,982858465.3,110822270.2,GF
8504309.99,8056570.739,4303859.193,2942617.823,55108868.95,18938985.81,12201205.37,26564030.29,1057125.675,9398212.864,2540597.3,666972.7288,18672086.66,165680056.7,5719971.694,22518778.98,7698728678,16067679.66,3489545.02,15922664.43,4513886.352,7508834.411,3094238.188,5613254.734,24381242.58,11510944.98,34368640.13,191835.1037,1179567.237,1402450.009,148887523.5,5966793.119,12174399.61,13384169.69,13473676.72,2200531.229,12967744.74,13614948.65,81844546.86,4346521.724,274457940.4,218405294.4,1240216637,832447.2356,28384726.15,4329185.839,593367.6533,9007006.678,377784.4455,17847496.4,6721358.821,2064945.681,27319242.91,347513.9172,1557495.842,9687683.543,15544682.77,65138340.98,850946.8425,2357305.298,6600757.846,28172134.77,185097.6859,319376.1499,9745579.148,549338.4912,2800151.256,315127.6022,5036644.952,5904851.508,117293642.2,7820426.28,8146676.474,9740990.496,74340263.27,35013.67776,3447050.635,395674.7116,3170489.488,1674978493,370100.9431,2660360.012,547674715,604584.7533,349799807.3,250603896.4,40817093.02,28778556.8,5166513644,500362.012,311070271.7,5574296.88,3902088.077,4232393.527,10640788.31,6237115.088,108890.9992,197789.6185,408527.4176,366815.7926,19480269.28,21056716.68,1212213.936,3522739.545,354780.4999,1308913.225,1999482.042,5121924.396,447517.6181,3078265.098,419263394.5,5476583.207,573796443.8,111819.8414,174017.2418,756394.7187,1541626.517,1151797611,19991493.69,330625617.7,172288977.8,49266467.36,4181915.179,2727711534,20615329.11,50893355.53,84132235.65,19003125.52,2717723.408,463588.7949,19820625.67,1048605.52,10858417.2,22009087.88,2022345.401,6497299.544,24957507.05,40658194.58,48353521.97,1387266.048,1351465.316,10356597.15,7366258.881,10664113.68,238397.5967,368939.1617,26169344.08,6249800.39,1057807.828,11625282.8,78863257.34,6950609.401,128372012.9,1329137.322,68446505.18,3233640.736,807083.6777,3772566.783,821908.1393,386228.3054,8543744.837,1252040.739,448358.6821,901972.4243,543555.8005,714038.3564,32841183.23,2648331.114,17475182.69,2482425.956,538128.8674,5554766.902,68101050.31,1430243.986,102983.4563,665925.5468,2580071.124,38922208.56,428241.9465,1004004.527,1857642.51,2722595.29,5865730770,2077781.877,5764302.425,0,1079655.567,499827.8813,7547917.683,26843161.68,561193.9222,22389529.57,4721563.558,94051925.96,4000980.991,27466195.3,644819.4854,3735147.092,7647752.686,225639.1924,1651685.719,2727090.559,2580946.786,3631370.848,25531893.75,35945378.52,3193789.269,1167919.18,2083917.725,1939849.459,499425.4698,1446823.585,373109.6415,62873263.58,142083091.5,3449130.398,245731.2058,624864.7328,121726040,8083934.131,57547434.72,48090865.07,5717885.349,342257.6961,149556757.5,41441025.76,59234654.53,511605.8716,501738522.1,992493601.1,146380068.2,GF
8896763.951,10651269.87,4118132.727,4755854.462,62988716.42,21361330.06,14857063.43,28692686.62,111059.3386,9535733.996,2966100.662,848524.9587,18602176.1,171029123.7,6537100.997,18565426.34,5698513114,19568277.91,3810001.206,27885115.29,2110398.979,3086479.6,1132913.11,9644233.078,37064903.81,9617032.638,33763489.15,233281.8049,1582019.735,2796681.824,175658672.8,7787680.799,20788331.51,10503202.64,17575661.31,2336295.238,488454.4973,12160129.03,71017092.59,5181675.371,241286784.5,124960928.5,1547459167,914028.028,125516238.4,4511676.003,952956.2883,13704739.31,557015.759,25062357.3,5833137.881,2360711.228,16314834.85,597491.7329,1727739.034,9003455.008,20415480.16,38407557.8,1287075.153,1809929.227,7113374.198,37990061.93,145313.7106,759262.6027,12000021.09,527902.813,2421234.213,405816.9931,1673751.349,4605944.234,95576074.28,9439793.934,19119285.73,10190352.45,56270774,15921.88271,1675806.079,570956.9891,5193030.385,1819451005,386041.3168,3156612.422,496035728.4,736131.0431,244556886.2,172268970.9,28271889.38,29468889.24,4214907984,269433.9329,219260449,4871649.528,3262441.387,3226578.092,10852416.74,3666386.885,150251.3676,254931.7225,236447.7063,681343.8431,21228359.9,17397164.97,1350525.777,3363586.738,457969.5358,2835593.91,3105669.317,6003605.232,596260.6045,4021015.691,386688781.3,3906662.741,472389683,133142.1519,118630.2067,1084803.091,1207831.03,1087064910,24817496.33,468708447.1,237997667.3,68437559.36,6543959.211,2659193249,36322342.3,78312932.16,130937853,21621871.1,4017979.732,140208.9441,14115596.73,1626559.703,11394448.74,19607464.66,1953514.201,8095366.886,31747946.92,46037592.85,44920101.9,1018980.497,1310687.249,9044044.9,9996208.254,8836105.194,177290.3134,495816.4933,37256389.74,5201551.908,1413340.5,13600272.93,66671124.58,7091529.458,129921911,1617812.845,63857390.81,3484877.907,1917466.87,4720265.6,818522.6354,518618.9482,3159465.339,1334685.11,497038.4744,2298168.705,525732.8101,733781.972,29117121.22,5647186.678,23168985.76,2646772.378,2423682.966,7485528.532,72347865.77,1461372.369,14719236.39,500482.7236,3193894.174,61372545.1,683439.3839,1589832.855,1828464.916,2664486.259,5209350567,2233899.872,5724173.802,36048.49115,1867120.958,629927.0425,7104692.457,34997138.92,955331.544,18872674.92,11435418.9,61485718.25,6190652.478,26640711.35,759242.7659,3067639.846,12564117.19,252077.141,2231283.309,3245081.356,2787415.017,6063509.083,22629190.04,30711116.7,5823012.818,1404779.287,2445768.914,2126523.402,483253.2259,972262.5746,556138.8913,62493450.26,119554293.7,5525549.996,303935.7641,11208577.22,236952713.2,6778305.407,72457931.35,48004346.75,7376474.393,278629.5748,239927786.4,48842135.65,61763023.89,731650.5315,467773412.4,969257192,129370418.3,GF
8508845.971,7581810.471,4870996.783,6252994.713,50945891.56,13495157.34,12897228.44,27222448.52,121651.2878,9313654.722,4115311.081,834830.239,16927155.73,171054152.2,5361653.4,17774322.82,6956166043,13172359.17,3353318.465,21915551.07,1219616.668,1444788.66,433379.1735,4974188.819,25676834.67,10866970.47,26272689.01,237602.6714,2351871.934,2517598.186,180396599.5,6471196.414,17183498.28,10175604.94,12662400.77,1879802.492,14200445.8,11794311.85,61808044.23,5253819.899,168528607.1,136673893,1457234311,857352.1198,137868082.1,4517503.105,912394.1816,10528024.21,348322.3265,19788945.04,6914047.817,2232229.577,16248753.59,250021.4103,1705554.575,11065174.58,14692646.57,75301541.34,715737.2389,2265545.159,6638222.923,29763107.71,136263.0866,269690.4474,10400467.59,413778.987,2976289.396,337651.7867,1308467.706,3721337.349,92603749.38,8810353.328,12418527.95,7299568.516,78874019.3,9029.997358,3589415.221,425866.0031,4449660.558,1915819702,341183.5635,2619064.468,505040250.6,621388.3669,238866360.8,162739228.6,28748718.91,32293878.82,4116168935,286725.5745,210324612.4,5608612.465,3559204.601,3307827.994,9548447.884,4804693.549,98829.90967,233445.274,251830.1662,539400.6681,14473161.79,19906884.44,1042933.697,3730450.67,604140.6097,1500280.149,3077648.641,7794552.641,565758.2191,3049443.529,319581258.9,4577806.539,541889122,170217.7971,574029.3259,1072240.436,1254521.05,956536560.2,25331497.36,325146967.9,165726403.4,60454999.94,6463993.559,2498822997,20260865.68,59636838.11,90464491.66,25879150.05,2504449.983,172090.4005,12988378.34,1580876.796,11808542.52,20228199.97,2279050.499,8021992.365,32661928.61,45034420.47,49524624.38,995674.1588,1528251.592,12042177.57,10703652.18,10097965.97,206725.4825,458785.7367,32205692.47,4101214.673,780088.9295,13862619.69,49406305.99,6637307.174,104317829.1,1642721.539,61827306.76,2979083.222,909758.2653,3850376.443,648943.7595,417602.4045,3443624.958,1133250.406,451887.5591,1574260.676,407021.3613,616159.9138,25636141.08,4149136.318,23747496.26,2183185.193,1268721.217,7289179.598,55853754.44,1006286.026,111740.8157,538444.4002,3330412.244,42166319.46,559673.2024,1186975.259,1629819.755,2471348.855,4685072871,1970446.662,7127079.67,0,1344484.765,445264.7399,7829859.392,18610927.71,561958.8849,21332519.04,7143074.743,58265421.82,4369379.784,35623716.62,1370132.881,3263932.898,10930663.84,160491.2219,2308116.76,2753878.117,2711038.682,3722685.472,25331049.07,33413718.84,3705791.325,1518221.94,2164936.17,2483212.981,305540.3444,994590.41,453780.9394,59686199.27,130393851.8,3810249.275,175714.1014,10420715.85,250950581.7,7716677.434,75395399.4,46815553.35,9434063.68,267929.1151,160320369.9,47431986.7,60450756.44,680125.0047,414853009.2,1133769906,154496949.9,GF
11158412.93,8259951.416,1124865.955,1816948.03,28568112.17,12285746.42,12038862.55,18806264.18,266616.1826,7166366.028,2665258.943,1133128.759,31465446.01,165146512.4,805224.3641,25419602.15,5460621930,35378517.78,3808387.545,16325762.44,7205510.467,7178507.266,2768985.702,7323726.121,58834672.52,12344740.65,33924608.41,159935.678,1076914.266,1712042.307,172323458.6,8446243.457,23590124.53,6727290.996,10236130.15,2165264.235,753606.1871,10244260.09,223918066.1,4991406.684,88282613.66,144585112.2,1532055318,1161778.328,100671714.6,4769004.786,1296711.792,17592985.61,165696.0782,25432196.65,3059353.945,2041537.121,25919467.98,1914770.018,1301939.482,7855220.856,12063310.24,84925169.1,7981947.661,1956512.893,6389924.391,28210516.47,19156.06437,285082.1878,7873190.566,420356.3531,3132570.303,403982.4505,3311995.627,4841798.269,173499965.2,9209340.084,5960736.873,7263004.568,76864409.08,0,6314746.743,428411.6736,7053576.162,2536793186,84552.53269,5508408.209,735928599.2,675483.8266,584450201.8,512116344.7,63727833.47,23579142.09,7615574622,1602655.084,520051337.5,6238316.585,4575548.001,8371830.36,9549693.313,10210613.53,175832.0589,153627.2717,361305.2957,1070963.853,41964437.78,23498872.25,4903025.62,6738203.339,384314.0711,2832405.194,781846.3201,2187650.877,940855.3524,3710640.625,137618870.6,5511808,199833827,618034.1913,163145.6858,590096.8403,2288436.531,1478938204,17896280.77,360848062.2,178522783.7,38116555.51,5978269.069,2825199845,22740609.69,38725049.63,75135748.58,14397615.83,3205757.398,541516.9829,33028199.49,185348.802,7995982.05,28527943.33,2152198.967,7117912.763,11189740.55,11677484.13,103515750.3,567628.5329,843125.1771,5966704.035,2566080.359,12272778.31,157432.9027,564013.2334,4299606.611,3540590.511,2306800.164,9817976.229,85200619.06,7106429.459,208842702.3,841318.517,72943964.02,3773892.687,1056655.033,7338239.515,1368273.133,417112.5994,2967582.118,1346249.199,101421.1867,1005257.472,1097122.701,1364434.935,61271455.52,3376542.892,14799598.93,3425470.291,609868.1588,3285114.23,46784388.01,248834.1275,4916357.595,716925.8556,2422214.742,47304380.97,598117.4424,1292369.579,2031624.855,3195218.807,7190187796,3152530.987,2444346.575,4367.624152,2014478.264,699978.9687,7666190.219,24344211.67,617690.6569,25103184.29,9439896.662,261492427,4336529.74,16204139.38,1551374.616,4158992.806,13597598.21,421499.677,1495806.985,2659613.889,3062822.46,6544446.969,8341437.965,34402064.63,5214149.816,1719104.415,2639762.686,2307604.553,812650.6827,3210366.912,434079.3624,63282604.43,49666407.17,3180333.092,159369.8186,11716146.49,141968752.4,8640984.953,19767186.76,40485079.72,6880296.561,487494.6957,92198946.76,38220760.57,44788632.42,447673.9113,506674544.6,111886851.3,87398539.98,GF
13212643.12,8864375.855,410122.0666,2833945.365,19789283.95,9075640.536,12874278.24,18042928.36,273993.0963,7817797.371,2777995.632,849167.1537,33510684.52,174192035.7,6520678.119,12549798.69,4512883064,31413249.54,4408795.568,14758474.19,10826611.79,8125072.076,3415404.765,7676498.266,64335615.1,15649951.52,41272709.88,184235.2737,964815.3919,1959898.048,153343640.8,6303699.734,16240963.76,5518058.001,9546977.96,3323085.037,14165954.45,10796626.42,296322141.8,6198888.804,94406000.01,134793304.3,1751730888,1204251.858,52884872.56,4852166.046,1490534.417,12901602.57,191331.0051,25274006.23,3316484.403,2098891.565,29626398.27,1318968.041,1208555.994,9283711.531,14174021.17,36875877.67,6662473.963,2066759.983,6784473.766,29191107.99,42975.26549,615218.5453,8567584.27,634587.7715,2806964.028,931445.7933,1991872.079,2516442.207,205029089.3,9594941.168,6768215.062,5135978.016,87760702.93,0,6040331.114,452512.2079,185571.3417,2707685636,105358.209,4472029.518,829323405.1,659709.0561,721733493.3,637282075.8,77310642.02,24626744.51,8744375763,1304976.095,633452196,6926467.322,5573625.299,9616231.397,13852140.46,9961459.336,132246.1363,221329.0415,419517.9212,1462082.495,39403725.95,30596978.86,6632926.113,7301469.454,564118.5563,2641250.044,751240.5184,2591811.109,5303870.996,4611095.443,165575533.1,5595164.234,217424908.9,570839.6958,236545.4178,582885.6041,2405643.834,1144761776,19536392.2,276048603.8,341854226.8,49613051.14,5460843.958,2785068279,38596894.91,66142465.18,161855610.3,18132954.95,4620114.885,760865.0477,41629035.77,538614.9217,9705391.075,33991418.32,2458854.476,6444474.253,14411828.86,13141924.99,74593403.32,1689688.128,879872.9574,5021905.459,4440907.049,15649121.73,97698.6917,391682.6299,3911458.609,5742477.395,1393931.233,22442983.12,116599188.1,12016572.29,282968563.6,851388.0592,74995886.15,6112980.151,1752811.517,7293914.762,1922879.322,322135.6443,3357905.975,2227297.686,106401.5478,1273825.971,1245586.181,2021902.963,71187918.81,2857567.751,14415197.92,2040489.612,908858.1266,3695537.095,62793074.07,301231.4309,210006.2693,612449.7198,2653234.789,49910151.07,700915.0001,1077485.548,1473753.718,3434624.533,8138684149,3406798.046,2783997.498,4375.46483,2866400.337,969171.0022,6255378.992,24927838.58,661265.1196,32932075.31,6780538.296,340573895.6,4896016.25,19868107.51,2525442.761,4394374.963,10763589.94,344530.3545,2203907.412,2759482.143,3970323.146,6995379.273,11093988.76,47350901.4,10222034.46,1405509.96,2650400.735,2806396.55,779386.522,1911808.057,354127.4994,90202743.45,58872017.09,3585324.923,199932.0671,747252.6889,95293453.31,11247756.6,23127942.9,36361518.92,5994269.341,31908405.38,89645651.8,37861735.18,48911668.7,937378.6474,486231447.3,71805206.79,108868672.9,GF
12625132.56,10254449.16,3227822.716,5111369.456,35896904.69,16066934.63,13275714.02,22456131.47,262852.0974,11943260.94,2657757.714,958302.8316,31930715.02,159831305.1,10294239.69,21082586.38,4922080219,34960053.29,4356139.346,15153821.35,10997440.31,7959525.339,3033864.483,8918998.475,89740036.28,10082112.53,52174523.31,100418.9376,1383502.826,2500861.688,148656710.1,11035612.38,24939114.96,10173393.16,12185352.98,2915931.784,50748338.45,11699951.09,176496730.4,3415737.357,135862060.3,176420326.1,1294644995,1961070.493,30191067.32,8716349.148,1926938.398,16813277.48,322628.6423,28562857.94,2574667.368,3672744.855,22211189.6,2272276.545,1619739.705,9723621.618,16767542.68,32164672.43,5182038.876,1673399.187,7496797.305,39808199.14,39796.00617,525499.7336,8674270.85,254021.0521,2609257.122,450222.8699,239073.7072,3380047.936,147356364.3,9766831.943,9910796.798,8522893.803,70150783.45,0,5304594.361,517919.2999,7714887.082,2400656421,96117.16556,3390405.722,585386253.6,767878.5187,443933109.5,413830358.2,45450525.21,26818211.34,6525141406,628644.0914,392438922.3,4679102.849,3310003.401,6165476.082,8722617.839,7634438.07,206151.6887,189853.6092,235858.7427,1053487.225,23284538.79,19597949,3080304.179,5742809.001,391047.4631,3659917.262,1962015.803,2132089.814,531876.5233,3611737.859,240974562.8,4712363.85,357878201.4,407992.221,170380.7852,794635.5231,1961783.819,1191162015,18232164.52,361050580.3,179571982.9,39266353.97,11323793.45,2955061998,26288564.12,37938791.53,79531684.13,16510493.99,3088524.635,678005.4737,25337041.4,348034.9697,6597125.998,31517577.52,2024809.559,7824665.034,12043287.64,14241771.3,85859584.56,660638.68,826866.6497,6673141.559,3345720.069,9545049.783,141044.5547,436390.9862,6912574.952,2756634.891,1951008.656,8385183.281,73029450.37,5789495.932,189147048.3,698345.522,60646063.85,3691453.098,1235463.028,7189519.842,1221111.043,318170.393,2804215.69,1071242.937,141437.1965,1201572.313,555997.7888,999920.0276,38415108.85,3323580.85,23584432.16,3506120.583,1611606.552,5328989.918,52823059.14,318213.0444,146300.2541,521983.3297,2755235.874,53115675,621990.0462,1459980.993,1723260.945,2806614.17,7684358899,2658251.791,3558295.056,13292.89796,1898248.652,1139584.061,4262337.959,33689016.55,570334.7672,20977756.73,4688393.551,197856477.5,5389081.133,16558617.58,6598321.151,3020856.256,21703960.14,425912.8296,1716426.658,2427121.211,790029.1184,6753777.506,16465898.78,28273841.97,6587495.421,1677685.163,3015922.464,2121711.682,729579.3532,2063324.838,550241.8819,71679415.38,92252475.34,3774921.701,2708153.716,9463753.504,224538234.5,7204587.905,21806317.15,40560645.41,6322446.345,416487.7853,169512600.4,45456866.52,48278239.03,606939.9649,437825280.4,400757278,77546004.19,GF
10663990.68,8800269.064,767368.956,4137804.308,31614355.65,10607011.92,11983830.17,22135909.41,359025.1243,9144406.824,5391681.939,1297745.933,33033958.68,149060134.3,7768793.85,10012237.06,6579756972,35875805.02,4190508.311,16510715.06,10083480.35,6840669.047,2884453.655,13658028.85,74113795.43,10989121.41,49848801.97,147497.5653,1050165.731,2176424.596,148010648.6,8736648.299,19814852.7,7278368.522,10466899.22,3278944.057,576672.0993,10826811.48,209200966.8,4095118.073,132249870.7,174164569.3,1454794112,1236121.091,38788354.79,5860779.812,1582596.093,11375109.55,291393.3273,25435279.35,2189037.66,2316980.627,21649354.23,2430555.943,1742898.467,6805388.147,12944730.86,74364291.24,7995126.687,1684381.599,6802251.322,23389847.55,27871.84546,453595.4623,8788853.646,335793.6521,2627797.172,444402.7374,1758888.574,3425183.021,165935647.4,9586961.321,9766409.427,5884230.749,65903076.49,8959.155922,5070088.364,532437.6525,6388961.343,2377981769,140252.4826,4691280.022,630249184.5,731622.2024,554225845.8,495453219.9,58368667.51,24655901.33,7220430797,860261.5209,495552375.7,5391950.881,4131018.156,7834444.32,8844434.225,10885123.55,175631.4767,192682.0245,273854.3835,1054438.957,38252476.36,21156953.98,4750963.339,3773379.651,305613.2753,3024269.327,797991.2558,1664288.921,1664575.633,4017673.083,179590574.1,4282588.611,233717060.9,320456.0569,198433.3586,617174.6076,2130933.345,1332869786,15461888.09,329688665.7,165500743.3,33906612.02,6563080.292,2958266092,22694113.21,32782083.74,73042440.79,14829895.84,3397277.93,580782.1263,31352950.5,281954.0895,8017177.16,34180738.61,1622549.251,5150696.6,10923328.16,10716554.26,95336385.58,805042.4212,707885.8179,6308378.731,3305879.268,10983716.23,54590.39788,381217.9972,3905660.249,4086684.52,1727080.06,11447770.78,76894287.48,6548492.464,155021263.3,580970.7668,61003083.98,3513310.678,987626.273,5971478.16,1075656.222,309461.8626,2589466.21,1278960.306,121589.8214,1263798.241,1071508.176,1069012.616,61535700.04,2581913.055,19476099.9,2528817.115,201007.9021,4077189.799,50285334.74,434754.401,231152.3985,682353.5164,2600101.538,44789293.63,555788.0991,1077904.461,1523805.452,3007360.848,8008750691,2458257.476,3071113.555,3495.85798,2171345.221,1018316.203,5138042.771,32051097.57,575025.3439,22952374.96,4658961.428,256946206.6,5388399.382,14536709.61,1698166.431,3827082.248,14618637.29,409717.0904,1641269.282,2972408.92,2778814.297,4060131.733,10900033.5,32412618.5,6228303.535,1207977.981,3274532.204,2123455.295,641854.519,3261404.671,488805.1755,84227443.56,64237756,3723407.468,2680690.135,710736.236,202264543.7,7860632.428,18472470.41,42547648.22,5697558.208,696937.8348,113011600.6,46618341.86,50264591.32,680387.0759,422930118.6,857452915.7,73716029,GF
11324792.55,13593906.2,450095.7221,1521656.725,39360400.84,12437696.45,12782794.53,21205950.98,344251.4142,14435891.82,4926149.312,861196.9931,42781263.33,154574994.6,5756141.944,17282596.84,8206170124,38225098.62,3900105.997,20781854.96,11580288.16,9089809.613,3735853.437,15281482.87,78504854.91,10515661.77,61260894.62,145991.5647,1152894.748,1731550.777,163001299.4,11522479.17,24592706.39,8445827.528,13328443.75,3858772.07,16343112.72,11829797.47,191318172.6,3633419.127,126569516.4,102995255.5,1654152997,912793.6962,38515575.67,4402848.928,1114405.7,16076119.65,346471.6755,27237606.31,2052117.473,1827358.946,19625319.47,3239545.15,1459814.131,5147956.364,20183181.91,85091685.76,8775302.107,1335453.811,6403678.968,25046410.12,43049.11953,468160.2015,9496903.373,592886.0332,1912828.58,489504.5926,3161112.146,3633611.525,147776386.3,10257489.89,9618686.877,6835684.79,57330893.99,23193.08117,4571495.187,452802.9691,5405034.123,2237285230,93628.44034,4942934.853,570545390.8,702824.7876,470685578.8,434223620.9,50133176.34,23868098.7,6378675312,1103122.274,424294731.3,4897128.181,3711425.715,7061316.114,6621786.616,9586023.188,81049.95533,154522.2039,206428.039,1701251.667,41369604.39,20697060.41,3125085.983,3302789.585,498870.0753,3779914.929,696929.6281,2353895.077,440782.7029,4130100.289,245679292,3138354.428,371822929.5,618586.6641,113688.9183,786922.3817,1849563.584,1333555716,16277270.97,311981841.1,153414941.2,36062150.93,7401205.853,3002075075,22285376.1,39363788.02,64074465.8,13408963.53,3113544.742,640572.3975,26593175.38,293643.4046,7814839.045,26932746.6,1224882.313,4881021.759,11100477.37,14391677.91,43499941.87,612647.7873,554300.9169,6707967.079,2698441.006,9930522.57,104544.4332,361075.408,5489506.856,4229760.378,1772469.74,11936633.79,72792327.87,7696946.547,194640155.4,925179.5567,50233653.95,3438090.766,949778.6957,6256359.242,1283299.68,308675.1157,3405703.668,1115633.349,94951.62569,551035.3292,994337.9239,1328523.954,62681007.14,2883856.372,11963010.88,1578779.703,741711.1641,4809511.991,75192267.45,374405.2493,199706.4128,581959.2514,2404722.638,65709824.74,658990.5822,1242447.157,1963211.19,2734739.79,7327649770,2435000.423,3122615.427,7747.71927,2067565.162,667942.2798,3583758.146,32027133.45,573324.1281,22153610.1,8777087.949,211993644.9,5211689.166,13903789,2399558.667,3276148.054,10615394.94,355396.6396,1855971.071,3145626.588,2812245.903,6644395.128,17503030.52,31169088.26,5143148.35,925289.2021,3838289.785,2751057.258,916007.9342,6554771.715,358991.7121,107292862.9,97772971.39,3635647.656,2605599.485,735061.5988,148837516.1,7362877.683,19359101.56,40817578.24,6181741.739,288970.1293,170569017.3,42438297.66,42505730.38,796803.3727,512507043.9,236494176.1,63392793.5,GF
11435962.31,12686776.27,454202.8399,2242527.754,30563328.53,13027793.37,12941630.25,20729964.59,244536.4698,12769061.53,1908711.563,1080470.905,43487547.53,148795135.3,8935181.668,21683381.2,5161205468,32315378.48,3685821.577,17925450.09,6634792.94,8178623.826,3305629.698,14103876.3,72429175.83,10075502.26,47687674,156356.2464,1881626.169,2479455.52,129598659.1,9297378.234,18646856.55,7825545.891,9856476.616,3755413.845,51999466.63,11935468.01,171588859.6,5717926.057,116201280.7,162936546.7,1438941573,1687145.329,119323990.5,6252880.09,1616626.372,10605406.9,398258.2722,22880636.18,3086148.779,3177951.952,27467172.35,2657955.117,1434617.589,5865671.686,18955942.08,75097526.46,8682668.139,1628420.589,5669132.26,29776406,41015.6443,348922.276,9798145.495,519789.4008,2454695.141,382987.7414,5692326.754,4972699.031,166709834.5,10101417.37,10931918.54,7132327.732,66789446.98,0,6223397.387,503316.1537,5098489.328,2141647229,125117.8705,3921885.03,662907734.9,640431.1616,501321358.6,435338044.9,63484298.42,11769652.88,7203331109,587094.5584,529730503.1,4405090.818,3954555.491,5479055.51,12007595.27,10896046.75,137853.9467,131702.6235,410849.7374,943651.6912,39387836.58,21546808.63,3250121.292,5041941.003,967295.1929,3150362.515,1550503.34,4184641.218,1045591.137,3389518.56,262942253.8,5074969.208,366941040.7,732027.4513,204973.9524,580105.0269,2025836.205,1395427354,20435140.76,255971072.4,292246096.2,50574605.13,9048524.997,2987134901,44844160.56,72357050.41,155291196.4,17386284.98,5293054.875,595301.8055,34492111.49,507379.6825,9371323.706,22114653.6,2120028.381,6468947.806,14092873.78,16579366.99,42922573.39,833362.5435,968589.971,6232248.302,3365998.198,8618912.837,207561.4051,489041.3197,7820016.771,4755843.222,3194014.922,9218015.897,65537126.74,10062906.94,224717658.5,1074894.527,82936644.6,5835621.322,2034855.976,8158423.178,1477737.666,415925.3972,3925961.092,2418432.566,196117.3837,907803.1439,1206673.553,1574828.997,66841583.21,1090159.795,13721515.63,2732510.27,1222066.853,4329248.602,79478759.21,378114.2203,142356.093,739799.0383,2155080.288,41522000.76,396004.5502,1191724.533,1792714.95,3446190.054,6110917396,3276939.778,3542288.624,9360.749495,1996847.657,1123346.533,7545767.811,25171385.7,630208.3965,23218289.32,4780933.375,202117608.2,5341192.764,12295229.49,1317863.849,3220304.911,9008268.92,268551.2443,1867066.138,3034221.586,2155503.619,6782448.992,16635915.75,30538217.6,10548216.1,1278737.482,2737535.827,2356146.436,490121.6509,2374180.82,381007.6007,100183397,92092953.11,3686357.921,124584.6154,9966070.156,118058716.1,7331382.124,27089212.85,37323926.41,5443654.206,1070228.537,89601896.57,39667116.49,43077163.84,677270.9985,511975878.4,545674625.9,96703906.79,GF